Categoria,WA,MD,GA,AK,VA,NJ,RI,CT,DE,IN,HI,IL,SC,VT,OR,TN,ME,NM,PA,MS,MN,CO,MO,NH,NV,TX,MA,WV,WI,CA,NY,WY,NC,LA,AR,MI,KS,UT,NE,OH,KY,ID,IA,OK,FL,ND,MT,SD,AZ,AL
Grill,811.0,400.0,234.0,51.0,51.0,880.0,108.0,159.0,194.0,702.0,54.0,1077.0,357.0,,391.0,359.0,,34.0,264.0,,216.0,410.0,413.0,27.0,198.0,168.0,103.0,122.0,1178.0,1262.0,1109.0,159.0,539.0,242.0,196.0,297.0,30.0,381.0,119.0,218.0,88.0,349.0,290.0,188.0,1751.0,157.0,96.0,,367.0,115.0
Beer garden,408.0,124.0,137.0,,115.0,,,547.0,,253.0,,660.0,286.0,21.0,197.0,506.0,30.0,94.0,1108.0,,,174.0,68.0,109.0,,68.0,141.0,30.0,147.0,427.0,1080.0,,203.0,10.0,,104.0,114.0,,319.0,40.0,62.0,49.0,94.0,65.0,318.0,,,,752.0,44.0
Restaurant,50304.0,45005.0,87676.0,5827.0,76806.0,70843.0,8281.0,26354.0,6115.0,54668.0,13716.0,93729.0,38964.0,4011.0,33089.0,50721.0,12038.0,11856.0,92667.0,20619.0,36018.0,42097.0,50444.0,9576.0,20269.0,121049.0,47425.0,13747.0,49003.0,116312.0,141074.0,4101.0,78018.0,44540.0,27067.0,79517.0,22590.0,31778.0,16121.0,82947.0,32024.0,15778.0,28068.0,33343.0,98980.0,5379.0,8297.0,5846.0,45855.0,36181.0
Hamburger restaurant,4050.0,3124.0,17024.0,1060.0,13945.0,10394.0,465.0,1518.0,324.0,13971.0,1817.0,8556.0,4500.0,597.0,5558.0,7879.0,1089.0,3566.0,9259.0,3952.0,4386.0,7599.0,11756.0,232.0,4676.0,43962.0,3356.0,2597.0,6368.0,21098.0,15235.0,335.0,15743.0,8283.0,6847.0,12659.0,6046.0,11817.0,1896.0,11279.0,6915.0,5834.0,4796.0,8054.0,30130.0,580.0,612.0,38.0,9848.0,6178.0
Lounge,1569.0,362.0,797.0,105.0,403.0,1768.0,217.0,328.0,22.0,963.0,61.0,3135.0,398.0,80.0,1213.0,210.0,115.0,16.0,1890.0,194.0,188.0,1042.0,457.0,220.0,671.0,859.0,801.0,73.0,1090.0,1914.0,5444.0,157.0,1120.0,639.0,129.0,1179.0,187.0,67.0,866.0,568.0,504.0,233.0,767.0,192.0,2335.0,248.0,342.0,503.0,2275.0,736.0
Brewpub,1263.0,232.0,41.0,,330.0,,,,19.0,280.0,,191.0,85.0,,576.0,830.0,161.0,490.0,534.0,15.0,65.0,1357.0,191.0,252.0,292.0,97.0,91.0,,360.0,174.0,1419.0,,1306.0,,21.0,340.0,,4.0,48.0,297.0,64.0,162.0,98.0,,1363.0,,96.0,34.0,1370.0,173.0
Bakery,4612.0,3051.0,3734.0,407.0,5327.0,12631.0,2193.0,7837.0,969.0,2124.0,639.0,12226.0,1908.0,1130.0,2841.0,1711.0,1955.0,1197.0,10777.0,321.0,2961.0,3672.0,3275.0,2850.0,1604.0,6285.0,16671.0,558.0,2608.0,7923.0,25226.0,565.0,7326.0,1245.0,1719.0,4670.0,2101.0,1390.0,3026.0,5603.0,1532.0,685.0,1381.0,1273.0,10838.0,342.0,1017.0,814.0,1703.0,1705.0
Organic restaurant,387.0,93.0,527.0,17.0,95.0,374.0,,194.0,,56.0,264.0,289.0,,66.0,272.0,85.0,,171.0,106.0,14.0,200.0,135.0,47.0,586.0,92.0,253.0,448.0,,152.0,1136.0,956.0,,720.0,55.0,11.0,91.0,,,32.0,305.0,,22.0,11.0,39.0,1056.0,,81.0,,170.0,19.0
Espresso bar,5910.0,1191.0,1163.0,556.0,3204.0,1822.0,326.0,835.0,159.0,1407.0,1051.0,3527.0,691.0,44.0,3258.0,1258.0,300.0,864.0,2809.0,290.0,1698.0,3617.0,1192.0,210.0,1485.0,3293.0,2101.0,200.0,1056.0,6396.0,5440.0,223.0,1372.0,551.0,595.0,2421.0,1153.0,325.0,1671.0,2836.0,538.0,1004.0,1545.0,741.0,3248.0,47.0,542.0,366.0,2571.0,306.0
Fast food restaurant,19172.0,21379.0,47193.0,2285.0,40169.0,30329.0,3436.0,12861.0,3719.0,27873.0,3906.0,48495.0,17588.0,2043.0,10114.0,21276.0,5849.0,8011.0,41861.0,13886.0,15113.0,17880.0,23998.0,4248.0,11025.0,61422.0,26202.0,11345.0,22317.0,52833.0,54809.0,1844.0,41849.0,28009.0,15267.0,40309.0,11698.0,23719.0,10562.0,46525.0,20150.0,8362.0,13543.0,20632.0,45839.0,3022.0,3135.0,2205.0,23491.0,17694.0
Caterer,14850.0,11836.0,24691.0,804.0,18781.0,12327.0,1427.0,6241.0,802.0,13415.0,1521.0,28084.0,10294.0,668.0,4455.0,12792.0,1745.0,2344.0,19860.0,6089.0,11671.0,9977.0,10079.0,1642.0,5831.0,23248.0,8341.0,4723.0,13013.0,23782.0,22860.0,827.0,21209.0,10210.0,6430.0,27093.0,5873.0,6928.0,5762.0,24992.0,7657.0,1859.0,7073.0,8631.0,17677.0,2351.0,2090.0,1479.0,8743.0,9561.0
Takeout Restaurant,17243.0,17844.0,37826.0,2102.0,31337.0,28478.0,3681.0,15274.0,1877.0,22787.0,3303.0,39264.0,14383.0,2068.0,9315.0,21022.0,4742.0,4601.0,38526.0,9365.0,14018.0,15240.0,21986.0,5328.0,5733.0,31392.0,29823.0,7883.0,19292.0,34060.0,51776.0,2695.0,34960.0,18921.0,10371.0,31937.0,11157.0,8222.0,7856.0,43421.0,15970.0,3202.0,10430.0,11723.0,30063.0,3018.0,2719.0,2506.0,15851.0,13125.0
Vietnamese restaurant,1545.0,241.0,434.0,89.0,540.0,420.0,56.0,297.0,89.0,,326.0,699.0,143.0,36.0,405.0,317.0,152.0,22.0,242.0,114.0,622.0,1129.0,244.0,,174.0,1731.0,438.0,14.0,85.0,1440.0,900.0,,375.0,127.0,,143.0,121.0,1246.0,40.0,86.0,185.0,87.0,108.0,779.0,262.0,,80.0,20.0,462.0,88.0
Diner,1304.0,731.0,5060.0,105.0,4642.0,5648.0,1375.0,1014.0,38.0,2420.0,28.0,4624.0,903.0,338.0,2554.0,2118.0,685.0,314.0,5912.0,1325.0,848.0,1188.0,3432.0,946.0,1211.0,6713.0,3060.0,360.0,1412.0,5578.0,11917.0,992.0,2855.0,2238.0,1487.0,2405.0,2205.0,1502.0,647.0,4096.0,1969.0,125.0,2175.0,1391.0,2642.0,497.0,391.0,415.0,2376.0,1641.0
Cake shop,1693.0,1526.0,1632.0,136.0,2341.0,2713.0,45.0,491.0,126.0,874.0,389.0,4346.0,715.0,54.0,1537.0,1110.0,24.0,756.0,2154.0,272.0,954.0,1122.0,994.0,72.0,743.0,1974.0,823.0,83.0,830.0,4147.0,5246.0,9.0,2523.0,791.0,448.0,2452.0,721.0,589.0,972.0,1757.0,1038.0,286.0,300.0,281.0,4812.0,39.0,259.0,,1314.0,945.0
Pastry shop,601.0,96.0,209.0,10.0,301.0,1004.0,163.0,271.0,,264.0,12.0,745.0,367.0,5.0,129.0,290.0,69.0,113.0,853.0,48.0,81.0,483.0,527.0,107.0,387.0,344.0,983.0,38.0,323.0,793.0,2511.0,30.0,593.0,127.0,38.0,323.0,432.0,86.0,1242.0,452.0,182.0,147.0,687.0,136.0,671.0,,,284.0,440.0,119.0
Tea house,1421.0,187.0,512.0,14.0,217.0,579.0,48.0,300.0,,557.0,34.0,1113.0,24.0,11.0,1185.0,552.0,82.0,165.0,505.0,86.0,193.0,834.0,463.0,281.0,403.0,837.0,523.0,59.0,599.0,3668.0,2155.0,73.0,502.0,335.0,155.0,849.0,588.0,26.0,1345.0,197.0,168.0,267.0,925.0,716.0,1095.0,,111.0,302.0,694.0,191.0
Filipino restaurant,232.0,40.0,,29.0,176.0,114.0,,,22.0,,154.0,53.0,,18.0,,,105.0,50.0,,,41.0,194.0,,,572.0,30.0,,,,474.0,270.0,,,,,18.0,,26.0,18.0,,,,,,20.0,,,,,
Russian restaurant,85.0,,23.0,,,,,,12.0,,,197.0,,,,,,,174.0,,,159.0,4.0,,,31.0,,,,15.0,131.0,,,,,,,,,,,,,,,,,,,29.0
Wine bar,1797.0,1054.0,2071.0,61.0,1707.0,799.0,,596.0,,415.0,60.0,2020.0,895.0,67.0,1370.0,1533.0,130.0,152.0,2767.0,92.0,392.0,668.0,1540.0,173.0,138.0,2802.0,249.0,1011.0,963.0,2052.0,5211.0,,1384.0,73.0,195.0,1267.0,250.0,1035.0,96.0,841.0,186.0,302.0,552.0,266.0,4293.0,1129.0,161.0,43.0,1022.0,300.0
Cider bar,505.0,,124.0,,83.0,,,,,,,,,,49.0,44.0,,,,,,114.0,,,,,16.0,,,13.0,31.0,,,,21.0,127.0,,38.0,,,22.0,,,12.0,16.0,,47.0,,24.0,
Pizza restaurant,12214.0,17440.0,21641.0,2429.0,26191.0,40313.0,5088.0,19106.0,3603.0,22194.0,1781.0,31019.0,8241.0,1685.0,8047.0,17238.0,4304.0,5001.0,63664.0,6738.0,12241.0,10847.0,15273.0,6055.0,6200.0,18156.0,32534.0,8200.0,18558.0,21829.0,65987.0,1996.0,22706.0,10329.0,7815.0,34648.0,7611.0,4532.0,4536.0,47679.0,12404.0,4410.0,9601.0,9555.0,16674.0,1946.0,3262.0,2370.0,11320.0,11071.0
Karaoke,96.0,,108.0,,83.0,84.0,,16.0,188.0,437.0,31.0,297.0,,75.0,99.0,458.0,,,1926.0,99.0,110.0,26.0,667.0,,253.0,179.0,,,27.0,399.0,208.0,19.0,109.0,304.0,200.0,1.0,69.0,56.0,115.0,93.0,186.0,99.0,26.0,38.0,1816.0,,,,448.0,51.0
Bagel shop,386.0,2099.0,1355.0,46.0,2769.0,10339.0,1190.0,5896.0,613.0,683.0,279.0,7226.0,828.0,803.0,330.0,535.0,1465.0,81.0,6780.0,66.0,1131.0,556.0,293.0,2261.0,156.0,1055.0,14251.0,166.0,844.0,1131.0,17188.0,42.0,3288.0,135.0,30.0,1019.0,211.0,43.0,531.0,2450.0,211.0,223.0,205.0,368.0,3848.0,,23.0,37.0,657.0,207.0
Wine store,407.0,552.0,331.0,,310.0,172.0,78.0,143.0,,227.0,,513.0,172.0,246.0,418.0,146.0,203.0,39.0,276.0,,46.0,53.0,133.0,36.0,20.0,196.0,168.0,67.0,201.0,539.0,330.0,,934.0,99.0,,605.0,,15.0,,826.0,82.0,25.0,99.0,,275.0,42.0,44.0,18.0,128.0,330.0
Juice shop,2551.0,2086.0,4172.0,40.0,2604.0,3102.0,283.0,848.0,73.0,825.0,958.0,2757.0,1159.0,101.0,1190.0,1829.0,90.0,840.0,1986.0,378.0,548.0,1558.0,1210.0,337.0,1543.0,3647.0,1354.0,81.0,563.0,7987.0,8275.0,69.0,3075.0,3048.0,874.0,2235.0,346.0,754.0,370.0,2648.0,613.0,626.0,338.0,469.0,4386.0,190.0,74.0,176.0,1991.0,876.0
Mexican restaurant,15372.0,7063.0,19359.0,911.0,13568.0,12560.0,901.0,4134.0,1585.0,13679.0,1661.0,32937.0,6485.0,190.0,11107.0,11791.0,756.0,6956.0,7483.0,3075.0,6033.0,12596.0,9448.0,722.0,9955.0,57518.0,6356.0,2096.0,9276.0,51370.0,25893.0,741.0,13120.0,6999.0,9911.0,9881.0,7652.0,10087.0,3141.0,11419.0,7398.0,2898.0,8087.0,10467.0,13031.0,1040.0,837.0,950.0,16450.0,6523.0
Taco restaurant,1061.0,1225.0,4180.0,265.0,2496.0,1123.0,140.0,606.0,378.0,1829.0,418.0,4694.0,1466.0,,1898.0,2247.0,21.0,245.0,2030.0,317.0,641.0,1440.0,2431.0,93.0,984.0,5705.0,1283.0,535.0,1641.0,5001.0,4259.0,43.0,3115.0,2199.0,2211.0,3297.0,220.0,3624.0,303.0,2494.0,2043.0,44.0,1830.0,1038.0,2212.0,298.0,140.0,17.0,4613.0,757.0
Ice cream shop,2363.0,2367.0,4799.0,217.0,3022.0,6604.0,633.0,751.0,313.0,5740.0,744.0,5495.0,2044.0,204.0,1241.0,1861.0,430.0,1784.0,7252.0,1801.0,2226.0,2589.0,3932.0,371.0,1048.0,10961.0,2077.0,1487.0,5607.0,5638.0,9124.0,309.0,4132.0,4098.0,2294.0,5478.0,2378.0,2258.0,1744.0,5436.0,3209.0,1451.0,2696.0,2962.0,3977.0,353.0,783.0,218.0,3964.0,1233.0
Soup restaurant,1135.0,229.0,1440.0,104.0,88.0,884.0,,356.0,88.0,139.0,,757.0,402.0,,320.0,1563.0,17.0,60.0,2166.0,159.0,858.0,181.0,1934.0,92.0,71.0,3266.0,343.0,1151.0,884.0,1482.0,2152.0,,347.0,747.0,764.0,2294.0,1138.0,595.0,106.0,921.0,493.0,68.0,177.0,1121.0,2393.0,1264.0,275.0,29.0,661.0,35.0
Salad shop,1773.0,1530.0,1408.0,172.0,1520.0,3084.0,395.0,1916.0,402.0,661.0,136.0,2101.0,1051.0,90.0,842.0,480.0,146.0,174.0,3288.0,360.0,732.0,926.0,1924.0,427.0,326.0,918.0,3522.0,145.0,1239.0,3400.0,6928.0,122.0,1809.0,643.0,1088.0,2386.0,89.0,2598.0,420.0,1662.0,708.0,153.0,580.0,1442.0,2526.0,169.0,713.0,112.0,1240.0,487.0
Coffee store,4051.0,1073.0,1151.0,403.0,2264.0,1986.0,218.0,611.0,138.0,1317.0,940.0,3268.0,618.0,33.0,2600.0,1159.0,288.0,870.0,2488.0,222.0,2848.0,3458.0,1307.0,180.0,1448.0,3350.0,1660.0,182.0,1063.0,5276.0,4363.0,174.0,1041.0,408.0,504.0,2284.0,870.0,468.0,1662.0,3330.0,360.0,497.0,1624.0,586.0,4004.0,71.0,353.0,393.0,2465.0,589.0
Delivery Restaurant,4955.0,10871.0,9594.0,1036.0,12993.0,38319.0,3445.0,10898.0,1398.0,7342.0,233.0,19562.0,3582.0,729.0,2237.0,7073.0,1326.0,2396.0,33666.0,2449.0,7079.0,4885.0,6879.0,2956.0,3236.0,6260.0,20049.0,3177.0,6864.0,8021.0,70872.0,1140.0,9502.0,5284.0,1627.0,13355.0,2384.0,1504.0,2115.0,20445.0,4537.0,1605.0,5444.0,3092.0,8884.0,565.0,644.0,664.0,3938.0,3926.0
Frozen yogurt shop,696.0,1054.0,710.0,61.0,505.0,1906.0,,272.0,96.0,152.0,170.0,682.0,93.0,,199.0,103.0,,479.0,2576.0,85.0,516.0,457.0,336.0,45.0,313.0,712.0,537.0,42.0,757.0,1793.0,2080.0,35.0,867.0,207.0,9.0,1013.0,306.0,187.0,38.0,441.0,121.0,118.0,122.0,89.0,800.0,39.0,181.0,86.0,1003.0,58.0
Asian restaurant,6752.0,4503.0,5092.0,460.0,7025.0,8793.0,1044.0,3727.0,715.0,1837.0,1287.0,6432.0,2241.0,259.0,2552.0,2389.0,639.0,867.0,7143.0,558.0,2727.0,1934.0,2017.0,495.0,2252.0,8591.0,4573.0,151.0,1853.0,8654.0,14215.0,48.0,6503.0,2078.0,780.0,3305.0,1585.0,3109.0,1838.0,3960.0,1055.0,257.0,1066.0,1764.0,4941.0,10.0,285.0,306.0,2118.0,1317.0
Pizza Takeout,3816.0,7027.0,8954.0,378.0,8815.0,10661.0,1722.0,4308.0,779.0,5225.0,579.0,9003.0,3499.0,569.0,2242.0,6374.0,604.0,1702.0,13464.0,3573.0,4281.0,3247.0,6091.0,1351.0,2498.0,5358.0,7974.0,2078.0,5442.0,6668.0,13163.0,931.0,8185.0,3402.0,2895.0,12866.0,2555.0,1582.0,2175.0,13379.0,4071.0,1260.0,3529.0,3571.0,4110.0,690.0,855.0,1030.0,3798.0,4572.0
Chicken wings restaurant,3460.0,3803.0,12224.0,441.0,6984.0,2668.0,208.0,505.0,522.0,4052.0,742.0,4950.0,3432.0,,1095.0,5023.0,347.0,1613.0,7520.0,4406.0,2041.0,2272.0,5139.0,335.0,1902.0,4426.0,1596.0,2451.0,4551.0,4995.0,7982.0,670.0,6187.0,5056.0,3149.0,6636.0,4152.0,1798.0,1851.0,9425.0,4257.0,834.0,1986.0,2389.0,11270.0,654.0,993.0,817.0,3830.0,3725.0
Sushi restaurant,2838.0,2113.0,1839.0,211.0,2882.0,6098.0,761.0,1602.0,353.0,1088.0,1402.0,2834.0,1589.0,385.0,1392.0,2288.0,92.0,641.0,3116.0,648.0,156.0,853.0,2232.0,45.0,1028.0,3239.0,2509.0,156.0,738.0,5998.0,10509.0,,2136.0,1885.0,843.0,1674.0,1203.0,2340.0,1314.0,2021.0,584.0,518.0,363.0,839.0,5978.0,134.0,110.0,101.0,1569.0,889.0
Greek restaurant,744.0,404.0,649.0,156.0,469.0,698.0,101.0,979.0,,598.0,94.0,2116.0,267.0,38.0,80.0,921.0,156.0,,751.0,116.0,833.0,554.0,823.0,262.0,257.0,472.0,1759.0,123.0,265.0,936.0,2857.0,,742.0,561.0,3.0,781.0,65.0,1729.0,87.0,606.0,116.0,1.0,80.0,64.0,1505.0,238.0,56.0,,1183.0,40.0
Chicken restaurant,3962.0,6202.0,13194.0,37.0,11149.0,4302.0,475.0,1316.0,795.0,7098.0,843.0,5700.0,3811.0,172.0,1511.0,3256.0,306.0,1230.0,3576.0,3955.0,1458.0,2760.0,2542.0,93.0,955.0,28585.0,2676.0,1440.0,1782.0,12535.0,11729.0,16.0,9507.0,5986.0,3198.0,3001.0,649.0,2496.0,2265.0,5306.0,4333.0,929.0,1537.0,4711.0,9266.0,348.0,79.0,226.0,7033.0,4297.0
European restaurant,290.0,313.0,83.0,,887.0,1091.0,,728.0,55.0,77.0,,1043.0,,,24.0,75.0,211.0,7.0,700.0,,19.0,27.0,752.0,115.0,151.0,31.0,694.0,,76.0,646.0,1480.0,,951.0,156.0,,568.0,,192.0,,232.0,,,,74.0,1104.0,,,,32.0,32.0
Izakaya restaurant,194.0,,,,,,,,,,67.0,11.0,,,,,,,,,,,,,39.0,,,,,203.0,226.0,,,,,,,28.0,,23.0,,,,,3.0,,,,,
Seafood restaurant,1221.0,4042.0,5286.0,245.0,5665.0,4820.0,516.0,1161.0,916.0,2612.0,3017.0,7634.0,1638.0,88.0,547.0,2989.0,810.0,,5676.0,1910.0,266.0,851.0,3086.0,626.0,1663.0,10076.0,3361.0,1319.0,2143.0,7223.0,9265.0,14.0,3590.0,5241.0,717.0,5661.0,216.0,1147.0,1901.0,3140.0,1377.0,114.0,499.0,503.0,11733.0,1101.0,53.0,24.0,2875.0,1619.0
Buffet restaurant,2358.0,1112.0,1962.0,,2287.0,659.0,89.0,39.0,14.0,3950.0,2166.0,718.0,3247.0,20.0,103.0,276.0,23.0,217.0,218.0,238.0,1105.0,150.0,1155.0,27.0,178.0,9153.0,650.0,676.0,97.0,1632.0,967.0,,1412.0,412.0,160.0,968.0,831.0,338.0,1486.0,1438.0,798.0,,1826.0,375.0,6725.0,237.0,,205.0,441.0,143.0
Dim sum restaurant,224.0,,,,,275.0,,,,59.0,140.0,90.0,,,84.0,,,,252.0,,109.0,,215.0,,16.0,44.0,,,,1031.0,356.0,,819.0,,,17.0,,,,45.0,,,,,43.0,,,,,
Barbecue restaurant,432.0,1357.0,2546.0,64.0,2827.0,2093.0,8.0,392.0,,2956.0,260.0,1102.0,426.0,74.0,354.0,2275.0,600.0,391.0,1337.0,615.0,1062.0,704.0,779.0,160.0,420.0,4525.0,380.0,135.0,433.0,2158.0,1608.0,77.0,4477.0,319.0,432.0,3658.0,1368.0,822.0,71.0,2693.0,1153.0,627.0,320.0,237.0,4920.0,,288.0,31.0,2150.0,1731.0
Hot pot restaurant,124.0,178.0,,,,23.0,,15.0,,220.0,61.0,77.0,,,,,,,62.0,,,4.0,,,43.0,64.0,69.0,,,297.0,387.0,,,,,17.0,,,,260.0,,,77.0,,14.0,,93.0,,124.0,
New American restaurant,792.0,128.0,958.0,215.0,109.0,557.0,67.0,516.0,,113.0,10.0,1446.0,135.0,103.0,358.0,24.0,186.0,76.0,711.0,57.0,456.0,1096.0,1332.0,94.0,459.0,3623.0,1890.0,,203.0,2238.0,2636.0,,10.0,645.0,170.0,2991.0,1160.0,1006.0,94.0,1771.0,2.0,33.0,129.0,36.0,491.0,,,,1575.0,
Latin American restaurant,1264.0,1545.0,2787.0,86.0,1430.0,2795.0,102.0,258.0,155.0,902.0,62.0,6362.0,953.0,,1068.0,1130.0,79.0,1330.0,549.0,473.0,85.0,1664.0,877.0,41.0,1378.0,8711.0,1269.0,16.0,717.0,6424.0,4959.0,117.0,1893.0,1451.0,1000.0,344.0,983.0,576.0,352.0,1295.0,526.0,281.0,314.0,577.0,3907.0,,167.0,240.0,1565.0,630.0
Pan-Latin restaurant,15.0,,,,,,,,,,,,1.0,,,,,,,,,,,,38.0,64.0,,,,,101.0,,,,,,,,,,,,,,221.0,,,,,
Salvadoran restaurant,97.0,639.0,9.0,,466.0,498.0,,159.0,,17.0,,,,,337.0,268.0,,,107.0,,,,46.0,,207.0,154.0,440.0,,,931.0,625.0,,294.0,,126.0,15.0,,1.0,31.0,623.0,,,63.0,48.0,,,,,,
Kushiyaki restaurant,48.0,,,,,,,,,,,11.0,,,,,,,,,,,,,,,,,,,,,,,,,,,,,,,,,,,,,,
Ethiopian restaurant,249.0,61.0,97.0,,73.0,,,,,,,103.0,,,226.0,71.0,,,4.0,,45.0,276.0,,,31.0,10.0,65.0,,,31.0,37.0,,,,,,26.0,,,38.0,,,,,,,,24.0,,
Food court,223.0,301.0,321.0,29.0,183.0,172.0,20.0,142.0,53.0,385.0,51.0,385.0,18.0,,467.0,208.0,,41.0,565.0,12.0,59.0,80.0,,9.0,94.0,244.0,58.0,103.0,102.0,364.0,1113.0,40.0,171.0,181.0,93.0,199.0,17.0,103.0,181.0,571.0,95.0,32.0,102.0,233.0,148.0,,58.0,,1230.0,183.0
Authentic Japanese restaurant,105.0,,45.0,,27.0,178.0,,,,,,11.0,,,34.0,,,,79.0,,,,42.0,,45.0,35.0,576.0,,,80.0,450.0,,16.0,97.0,,,,,,84.0,31.0,,,,138.0,,,,,
Pacific Northwest restaurant (US),267.0,,,,,,,,,,,,,,101.0,,,,,,,,,,,,,,,,,,,,,30.0,,,,,,15.0,,,,,,,,
Candy store,84.0,408.0,84.0,,569.0,1282.0,,,234.0,41.0,,276.0,20.0,,187.0,26.0,22.0,,1478.0,,,155.0,173.0,18.0,55.0,92.0,15.0,,27.0,215.0,407.0,26.0,134.0,11.0,,49.0,76.0,15.0,96.0,368.0,336.0,,65.0,13.0,599.0,,54.0,26.0,48.0,83.0
French restaurant,87.0,75.0,49.0,71.0,201.0,270.0,64.0,148.0,97.0,18.0,,214.0,63.0,,55.0,129.0,17.0,40.0,375.0,,,43.0,584.0,19.0,130.0,421.0,208.0,40.0,,1160.0,1505.0,,70.0,99.0,,46.0,,,,57.0,3.0,162.0,123.0,,354.0,,123.0,,496.0,
Sushi takeaway,58.0,17.0,36.0,,,154.0,,24.0,,,71.0,12.0,,,111.0,89.0,,20.0,204.0,,,42.0,,,170.0,54.0,156.0,,,309.0,729.0,,36.0,,,565.0,,43.0,,15.0,55.0,,,,177.0,,,,42.0,
Fried chicken takeaway,173.0,1068.0,542.0,,985.0,487.0,,196.0,270.0,158.0,13.0,352.0,37.0,,157.0,,30.0,,312.0,62.0,171.0,450.0,15.0,22.0,35.0,282.0,533.0,,187.0,2066.0,1899.0,,885.0,60.0,14.0,410.0,62.0,55.0,52.0,249.0,80.0,21.0,10.0,183.0,161.0,,,,12.0,102.0
Korean barbecue restaurant,265.0,57.0,128.0,,,56.0,,,,,165.0,64.0,,,,,68.0,,136.0,,,,,,135.0,50.0,3.0,,101.0,79.0,69.0,,,,,,,114.0,,,,,34.0,,20.0,,,,,
Korean rib restaurant,84.0,,,,,,,,,,,,,,,,,,,,,,,,,,,,,71.0,,,,,,,,,,,,,,,,,,,,
Restaurants,49.0,,,,,133284.0,,,34927.0,155458.0,22.0,34330.0,,4.0,,175700.0,,,514348.0,,,63.0,163414.0,,126608.0,21.0,,,,74897.0,,,,154154.0,,13.0,,,,,,73042.0,,,396426.0,,,,157002.0,
Pizza,49.0,,,,,13196.0,,,3516.0,15268.0,,2644.0,,,,17692.0,,,55796.0,,,,14968.0,,13710.0,,,28.0,,8118.0,,,,16043.0,,152.0,,,,,,7074.0,,,42113.0,,,,15030.0,
Italian,49.0,,,,,10593.0,,,3296.0,13499.0,,2569.0,,,,15655.0,,,46557.0,,,,13417.0,,9326.0,,,,,6277.0,,,,13117.0,,,,,,,,6584.0,,,37597.0,,,,14058.0,
Pakistani restaurant,6.0,197.0,39.0,,147.0,224.0,11.0,106.0,,92.0,14.0,249.0,13.0,,,11.0,,,160.0,,,,44.0,,,122.0,33.0,,23.0,295.0,516.0,,26.0,,41.0,58.0,26.0,,,104.0,,,,25.0,245.0,,,,17.0,
Hawaiian restaurant,284.0,55.0,179.0,,24.0,215.0,,59.0,,,806.0,213.0,27.0,,292.0,183.0,,43.0,52.0,,,399.0,59.0,,318.0,486.0,144.0,,34.0,1388.0,606.0,,59.0,168.0,,118.0,65.0,328.0,40.0,,,146.0,,,82.0,,,,28.0,123.0
Ramen restaurant,353.0,81.0,175.0,,138.0,402.0,13.0,,,76.0,95.0,182.0,,,341.0,54.0,,,252.0,,249.0,102.0,47.0,,174.0,365.0,236.0,,,567.0,1366.0,,256.0,49.0,,40.0,74.0,25.0,,48.0,31.0,,,160.0,100.0,,125.0,,22.0,
Chinese takeaway,74.0,434.0,252.0,,204.0,774.0,74.0,305.0,37.0,,,406.0,114.0,,311.0,23.0,148.0,,737.0,,72.0,90.0,64.0,63.0,353.0,442.0,346.0,29.0,63.0,257.0,1842.0,,587.0,42.0,110.0,177.0,10.0,,27.0,76.0,181.0,155.0,,,210.0,,22.0,,40.0,19.0
Hot dog restaurant,69.0,618.0,2669.0,,2017.0,953.0,58.0,235.0,,120.0,2.0,4848.0,246.0,21.0,893.0,1027.0,,211.0,300.0,,110.0,23.0,499.0,,162.0,749.0,50.0,323.0,111.0,1570.0,470.0,8.0,2670.0,857.0,45.0,1216.0,,640.0,52.0,436.0,204.0,29.0,309.0,48.0,352.0,21.0,21.0,6.0,322.0,78.0
Pan-Asian restaurant,144.0,72.0,470.0,,39.0,43.0,,53.0,,,,65.0,1.0,,148.0,221.0,,,240.0,,66.0,20.0,42.0,,52.0,597.0,227.0,,54.0,262.0,577.0,,57.0,,,,,,,186.0,,,,12.0,1650.0,,,,,71.0
Taiwanese restaurant,42.0,,118.0,,29.0,,,,,42.0,,214.0,,,55.0,,,,,,,,,,140.0,440.0,119.0,,,892.0,153.0,55.0,,,,,,,,,,,,109.0,,,,,,
Creole restaurant,21.0,38.0,1.0,,14.0,16.0,,52.0,,,,185.0,,,44.0,,,,54.0,92.0,,19.0,,,,1854.0,,,,347.0,51.0,,107.0,1588.0,14.0,,,,,,,,,,12.0,,,,,
Irish restaurant,42.0,,,,4.0,501.0,,,,,,42.0,,20.0,,,212.0,,,,311.0,,708.0,,,,185.0,,69.0,,674.0,,732.0,,,,,,,29.0,,101.0,,,29.0,,124.0,,,
Turkish restaurant,81.0,9.0,,,5.0,150.0,,,35.0,48.0,,,8.0,,,27.0,,45.0,189.0,,37.0,10.0,,,61.0,224.0,,,,72.0,189.0,,277.0,106.0,,25.0,,,,104.0,,,,,36.0,,,,,45.0
Mongolian barbecue restaurant,178.0,,470.0,,,,,7.0,,,,,,,,,,,9.0,,741.0,,,,,577.0,,,78.0,405.0,,,,,,,,,,,,281.0,,,1649.0,,,,31.0,36.0
Laotian restaurant,113.0,,,,44.0,,,45.0,36.0,,36.0,97.0,,,111.0,60.0,38.0,,,,,,,,,44.0,38.0,,198.0,74.0,,,53.0,,,,,2.0,,,,,82.0,,1.0,,,,,
Teppanyaki restaurant,43.0,252.0,259.0,,264.0,375.0,,141.0,,,142.0,268.0,22.0,,163.0,156.0,37.0,,186.0,,,51.0,14.0,43.0,70.0,89.0,281.0,,,59.0,286.0,,67.0,19.0,,77.0,27.0,,57.0,308.0,,,41.0,109.0,62.0,,,,41.0,
Hot dog stand,28.0,558.0,962.0,,307.0,535.0,,62.0,,111.0,,2211.0,300.0,,939.0,,148.0,,204.0,,110.0,,459.0,,67.0,676.0,110.0,95.0,18.0,200.0,81.0,,56.0,,,737.0,,,,371.0,,,199.0,,54.0,21.0,,,13.0,44.0
East African restaurant,16.0,,20.0,,,,,,,,,,,,129.0,,,,,,70.0,106.0,,,21.0,,,,,5.0,,,,,,,,33.0,,199.0,,,,,,74.0,,,,
Modern Indian restaurant,20.0,,24.0,,39.0,176.0,,14.0,33.0,,,152.0,79.0,13.0,,,,,43.0,,64.0,191.0,,,,529.0,96.0,,,155.0,163.0,,,,41.0,138.0,,,,18.0,,,,,25.0,,,,96.0,
Mexican torta restaurant,32.0,66.0,,,,61.0,,,,15.0,,407.0,,,31.0,,,36.0,116.0,,,,,,85.0,153.0,15.0,,104.0,258.0,382.0,,26.0,,48.0,,,,,220.0,21.0,,115.0,43.0,18.0,,,,174.0,
Japanese steakhouse,126.0,475.0,130.0,,106.0,63.0,2.0,78.0,19.0,123.0,,331.0,98.0,,,231.0,,,93.0,78.0,12.0,,,,5.0,1.0,163.0,,156.0,,314.0,,123.0,58.0,1.0,,,,,167.0,,,,1.0,160.0,,,,13.0,
Sichuan restaurant,27.0,14.0,14.0,,,88.0,14.0,,,,40.0,316.0,,,,39.0,,,,,,,,,30.0,105.0,124.0,,,256.0,638.0,,,14.0,,,,64.0,,62.0,227.0,,160.0,,14.0,,,,124.0,
Delivery Chinese restaurant,121.0,373.0,410.0,,444.0,642.0,157.0,141.0,66.0,73.0,10.0,554.0,,,84.0,58.0,191.0,,414.0,,82.0,167.0,101.0,22.0,241.0,311.0,513.0,,144.0,334.0,1051.0,,1037.0,30.0,50.0,289.0,42.0,1.0,,356.0,,,,47.0,178.0,122.0,12.0,,264.0,57.0
Pie shop,22.0,40.0,,,145.0,10.0,,16.0,63.0,46.0,,527.0,25.0,,680.0,34.0,,40.0,241.0,38.0,516.0,449.0,143.0,,45.0,119.0,37.0,,35.0,79.0,118.0,,232.0,,83.0,77.0,7.0,535.0,30.0,596.0,292.0,151.0,40.0,25.0,45.0,,,,11.0,15.0
Asian,13.0,,,,,,,,,,,,,,,,,,,,,,,,,,,,,,,,,,,,,,,,,,,,,,,,,
Japanese curry restaurant,38.0,,,,12.0,77.0,,,,,55.0,,28.0,,35.0,,,,93.0,,,,,,69.0,10.0,,,,45.0,155.0,,16.0,,,45.0,,,,2.0,,,,,11.0,,,,,
Irish pub,16.0,62.0,16.0,,90.0,678.0,1.0,42.0,71.0,1.0,,176.0,281.0,23.0,,5.0,,,498.0,57.0,357.0,281.0,708.0,245.0,,798.0,467.0,,493.0,10.0,907.0,,744.0,42.0,,200.0,,,,306.0,,69.0,27.0,,598.0,48.0,,,79.0,
Scandinavian restaurant,17.0,101.0,,,3.0,,,,,,,10.0,,,,,,,11.0,,,,,,,,,,,83.0,184.0,,,,,,,,,,,,,,14.0,,,,,
North African restaurant,,57.0,17.0,,,,,,,,,,,,,,,,,,,,,,,,,,,,41.0,,,,,,,,,,,,56.0,,,,,,,
Afghani restaurant,,206.0,,,238.0,,,,10.0,,,,,,,,,,,,81.0,,,,,97.0,47.0,,,115.0,385.0,,,,,,,,,,,,,,22.0,,,,,
Peruvian restaurant,,1106.0,29.0,24.0,448.0,1538.0,,71.0,,,,294.0,,,33.0,,,28.0,16.0,4.0,,16.0,179.0,,179.0,44.0,92.0,,,460.0,903.0,,,,,,,,,57.0,,,,,1250.0,,,,,
Jamaican restaurant,,117.0,1010.0,,17.0,530.0,,663.0,24.0,136.0,,216.0,32.0,,,20.0,,,414.0,13.0,,,,,,30.0,307.0,,146.0,81.0,1001.0,,126.0,,,79.0,,,,26.0,59.0,,,,203.0,,,,129.0,95.0
Rice restaurant,,42.0,12.0,,106.0,69.0,,10.0,,13.0,,55.0,,,60.0,51.0,,,107.0,,37.0,23.0,,,13.0,22.0,65.0,,,1009.0,284.0,,243.0,,,70.0,,,,,,,115.0,,230.0,,93.0,,52.0,
West African restaurant,,120.0,55.0,,,186.0,,,,,,67.0,,,18.0,,,,26.0,,,,,,,68.0,75.0,,,,318.0,,,,131.0,,,,,,,,,,,,,,,
Fusion restaurant,,57.0,70.0,,,111.0,,,50.0,,112.0,24.0,60.0,,16.0,52.0,,,10.0,,34.0,,29.0,,,107.0,784.0,30.0,,117.0,579.0,,48.0,,,97.0,,,,,,61.0,62.0,90.0,133.0,,,,53.0,16.0
French steakhouse restaurant,,46.0,,,56.0,19.0,,,,,,,12.0,,,,,,,,,,,,,,,,,13.0,18.0,,,,,,,,,,,,,,,,,,,
South American restaurant,,80.0,,,385.0,147.0,,18.0,,,,650.0,,,,,,,36.0,,,,34.0,,,464.0,18.0,,,434.0,112.0,,71.0,121.0,,,,1.0,,,,,,,112.0,,,,,
Dominican restaurant,,171.0,138.0,49.0,108.0,1010.0,345.0,243.0,,,,,,,,,,,674.0,,,,5.0,,,,342.0,,,,3007.0,,85.0,,,25.0,,,,,,,,,2407.0,,,,,
Tempura restaurant,,14.0,,,,,,,,,,,,,,,,,,,,,,,,,,,,,,,,,,,,,,,,,,,,,26.0,,,
South African restaurant,,21.0,66.0,,,,,,,,,17.0,,,,,,,,,,22.0,,,,90.0,,,,26.0,25.0,,,,,,,,,,,,,,,,,,,
Hunan restaurant,,14.0,,,38.0,125.0,,,,,21.0,141.0,,,73.0,,,,62.0,,,,,,,1003.0,,,,38.0,138.0,,,,,,37.0,,,,,,,,,,,,124.0,
Colombian restaurant,,12.0,,,,825.0,,239.0,,,54.0,471.0,,,,25.0,,,291.0,26.0,,,,,175.0,64.0,177.0,,,,1360.0,,261.0,,,15.0,,,,,,,,,927.0,,,,,
Oyster bar restaurant,,2.0,,,160.0,72.0,,,,,,42.0,,,,2.0,45.0,,,423.0,,16.0,19.0,,,943.0,,,,63.0,212.0,,262.0,31.0,21.0,,,84.0,,,,,,,44.0,,,,,
Polynesian restaurant,,,10.0,,,,,,,,9.0,,,,,,,,31.0,,,,,,,40.0,10.0,,,40.0,,,,13.0,,,,37.0,,,,,,,,,,,,
Californian restaurant,,,,,232.0,,,,,,,716.0,,,,,,,,,,,,,,,34.0,,,2841.0,10.0,,,,,,,,,,,,,,638.0,,,,5.0,
Egyptian restaurant,,,,,9.0,,,,,,,,,,37.0,,,,,,7.0,,,,,,74.0,,,,256.0,,,,,25.0,,,,,,,,,,,,,,
Conveyor belt sushi restaurant,,,,,10.0,,,,,,71.0,,,,,,,,,,,,,,,,,,,67.0,,,,,,12.0,,,,,,,,,,,,,,
Bars,,,,,,37850.0,,,10932.0,42153.0,22.0,11641.0,,,,51518.0,,,154336.0,,,,44944.0,,38118.0,,,,,18505.0,,,,38877.0,,,,,,,,20585.0,,,120138.0,,,,46113.0,
Food,,,,,,53562.0,,,12561.0,60729.0,,14821.0,,4.0,,68271.0,,,205213.0,,,63.0,66615.0,,51273.0,21.0,,19.0,,31097.0,20.0,,,67092.0,,13.0,,,,,,27974.0,,,152980.0,,,3.0,59444.0,
Coffee & Tea,,,,,,13688.0,,,3281.0,15488.0,,3110.0,,,,14543.0,,,54275.0,,,,15747.0,,12610.0,21.0,,,,9288.0,,,,22871.0,,,,,,,,6875.0,,,35643.0,,,,16260.0,
Wine Bars,,,,,,5597.0,,,1540.0,7433.0,22.0,1987.0,,,,6370.0,,,22522.0,,,,6779.0,,5024.0,,,,,2326.0,,,,3592.0,,,,,,,,2330.0,,,15911.0,,,,7146.0,
Bakeries,,,,,,7809.0,,,2184.0,8479.0,,1835.0,,,,7709.0,,,26081.0,,,,9160.0,,4331.0,,,,,5508.0,,,,7147.0,,,,,,,,3465.0,,,16866.0,,,,7545.0,
American (Traditional),,,,,,27980.0,,,8736.0,33189.0,,8155.0,,,,40945.0,,,110417.0,,,,30537.0,,24709.0,,,,,14300.0,,,,34147.0,,,,,,,,12019.0,,,84803.0,,,,31496.0,
Seafood,,,,,,19575.0,,,3299.0,20314.0,,5069.0,,,,22207.0,,,72832.0,,,,28198.0,,17588.0,,,,,7857.0,,,,18442.0,,,,,,,,10890.0,,,51804.0,,,,23492.0,
Sports Bars,,,,,,5041.0,,,1775.0,7048.0,,952.0,,,,7459.0,,,18240.0,,,,7194.0,,4812.0,,,,,1760.0,,,,6543.0,,,,,,,,2136.0,,,14278.0,,,,7098.0,
Steakhouses,,,,,,7404.0,,,1438.0,10148.0,,2203.0,,,,11003.0,,,23005.0,,,,11860.0,,5978.0,,,,,3530.0,,,,7123.0,,,,,,,,3601.0,,,19553.0,,,,5301.0,
Burgers,,,,,,13239.0,,,3020.0,17747.0,,3126.0,,,,20312.0,,,54638.0,,,,13569.0,,10316.0,,,,,8033.0,,,,15448.0,,,,,,,,6522.0,,,36583.0,,,,14046.0,
Beer Bar,,,,,,3111.0,,,1589.0,5488.0,,616.0,,,,5044.0,,,13144.0,,,,5416.0,,3760.0,,,,,1536.0,,,,3654.0,,,,,,,,1781.0,,,16174.0,,,,5795.0,
Cocktail Bars,,,,,,13487.0,,,3478.0,10899.0,22.0,2967.0,,,,13576.0,,,47036.0,,,,14215.0,,8103.0,,,,,4627.0,,,,8272.0,,,,,,,,4476.0,,,35371.0,,,,10548.0,
Chicken Wings,,,,,,7926.0,,,1561.0,5995.0,,1072.0,,,,6685.0,,,21139.0,,,,8571.0,,5345.0,,,,,3355.0,,,,6483.0,,,,,,,,3885.0,,,16423.0,,,,7069.0,
Sandwiches,,,,,,21820.0,,,5709.0,20774.0,,8075.0,,,,22966.0,,,75852.0,,,,26941.0,,18173.0,21.0,,,,12649.0,,,,25021.0,,,,,,,,11791.0,,,52124.0,,,,20444.0,
Dive Bars,,,,,,1355.0,,,191.0,455.0,,117.0,,,,749.0,,,1706.0,,,,682.0,,395.0,,,,,503.0,,,,730.0,,,,,,,,283.0,,,2108.0,,,,614.0,
Pubs,,,,,,3307.0,,,1647.0,6280.0,,2642.0,,,,7359.0,,,17980.0,,,,4993.0,,7174.0,,,,,2228.0,,,,5689.0,,,,,,,,2255.0,,,11871.0,,,,6081.0,
Gastropubs,,,,,,3889.0,,,1217.0,3527.0,,423.0,,,,5370.0,,,13140.0,,,,1465.0,,1772.0,,,,,2496.0,,,,3077.0,,,,,,,,1159.0,,,8325.0,,,,3333.0,
Diners,,,,,,4519.0,,,1261.0,3099.0,,871.0,,,,5616.0,,,18713.0,,,,6084.0,,4867.0,,,,,2422.0,,,,9128.0,,,,,,,,2522.0,,,10149.0,,,,6295.0,
Cajun/Creole,,,,,,6133.0,,,1263.0,6425.0,,3161.0,,,,6013.0,,,18576.0,,,,10106.0,,5667.0,,,,,2650.0,,,,9295.0,,,,,,,,2859.0,,,23844.0,,,,13965.0,
Desserts,,,,,,9862.0,,,2283.0,12940.0,,2625.0,,,,14871.0,,,37006.0,,,,10836.0,,7979.0,,,,,5150.0,,,,10108.0,,,,,,,,4076.0,,,26524.0,,,,10648.0,
Beer,,,,,,5234.0,,,1335.0,6426.0,,1625.0,,,,7924.0,,,22058.0,,,,5471.0,,7507.0,,,,,2419.0,,,,5998.0,,,,,,,,3456.0,,,19866.0,,,,6771.0,
Specialty Food,,,,,,9435.0,,,1336.0,7903.0,,3391.0,,,,7011.0,,,28128.0,,,,10018.0,,4621.0,,,,,3107.0,,,,9016.0,,,,,,,,5803.0,,,21831.0,,,,5548.0,
Wineries,,,,,,783.0,,,234.0,815.0,,375.0,,,,1112.0,,,5140.0,,,,686.0,,555.0,,,,,367.0,,,,561.0,,,,,,,,634.0,,,1888.0,,,,1668.0,
Cafes,,,,,,10328.0,,,2692.0,8863.0,,1972.0,,,,10142.0,,,31902.0,,,,11440.0,,8229.0,,,,,4234.0,,,,11803.0,,,,,,,,3670.0,,,26796.0,,,,8920.0,
Vegan,,,,,,2699.0,,,661.0,5054.0,,216.0,,,,6634.0,,,16127.0,,,,4547.0,,5062.0,,,,,1916.0,,,,3545.0,,,,,,,,1754.0,,,9040.0,,,,3328.0,
Juice Bars & Smoothies,,,,,,3347.0,,,764.0,4376.0,,714.0,,,,4937.0,,,19279.0,,,,3542.0,,4343.0,,,,,2168.0,,,,5232.0,,,,,,,,1930.0,,,8798.0,,,,3934.0,
Acai Bowls,,,,,,888.0,,,90.0,669.0,,80.0,,,,944.0,,,3309.0,,,,702.0,,1071.0,,,,,665.0,,,,1263.0,,,,,,,,130.0,,,2040.0,,,,726.0,
Donuts,,,,,,2166.0,,,336.0,3620.0,,300.0,,,,2006.0,,,7205.0,,,,3263.0,,1232.0,,,,,1578.0,,,,3400.0,,,,,,,,1387.0,,,4781.0,,,,1937.0,
Breakfast & Brunch,,,,,,27274.0,,,5372.0,24992.0,,8747.0,,,,32025.0,,,97071.0,,,,32498.0,,25598.0,21.0,,,,12976.0,,,,34592.0,,,,,,,,13441.0,,,73078.0,,,,32283.0,
Grocery,,,,,,3083.0,,,760.0,3549.0,,765.0,,4.0,,4687.0,,,14473.0,,,,3745.0,,3146.0,,,,,2203.0,,,,4392.0,,,,,,,,1132.0,,,10275.0,,,,3474.0,
Southern,,,,,,9287.0,,,886.0,7052.0,,3721.0,,,,9334.0,,,22102.0,,,,6253.0,,5697.0,,,,,5466.0,,,,6245.0,,,,,,,,4162.0,,,20300.0,,,,8170.0,
Comfort Food,,,,,,2819.0,,,691.0,3474.0,,1536.0,,,,4687.0,,,13962.0,,,,6038.0,,3510.0,,,,,1220.0,,,,2502.0,,,,,,,,3647.0,,,11523.0,,,,3167.0,
Greek,,,,,,2583.0,,,496.0,2157.0,,419.0,,,,2570.0,,,7399.0,,,,3101.0,,2404.0,,,,,937.0,,,,1858.0,,,,,,,,910.0,,,5811.0,,,,1276.0,
Soup,,,,,,3536.0,,,934.0,3323.0,,572.0,,,,3839.0,,,13183.0,,,,4026.0,,2346.0,,,,,1890.0,,,,3993.0,,,,,,,,1904.0,,,11001.0,,,,3132.0,
Gluten-Free,,,,,,4471.0,,,770.0,3928.0,,333.0,,,,3953.0,,,13516.0,,,,3387.0,,5133.0,,,,,3097.0,,,,2244.0,,,,,,,,2041.0,,,9641.0,,,,4543.0,
Cupcakes,,,,,,1072.0,,,106.0,1209.0,,103.0,,,,1025.0,,,2220.0,,,,1398.0,,522.0,,,,,444.0,,,,681.0,,,,,,,,480.0,,,2013.0,,,,741.0,
Patisserie/Cake Shop,,,,,,892.0,,,19.0,1138.0,,,,,,111.0,,,874.0,,,,197.0,,667.0,,,,,137.0,,,,181.0,,,,,,,,350.0,,,959.0,,,,467.0,
Ice Cream & Frozen Yogurt,,,,,,4391.0,,,1280.0,5637.0,,1278.0,,,,5473.0,,,19038.0,,,,3960.0,,4462.0,,,,,2332.0,,,,4709.0,,,,,,,,1840.0,,,12800.0,,,,6554.0,
Fast Food,,,,,,7485.0,,,1407.0,9757.0,,1451.0,,,,12153.0,,,29492.0,,,,8818.0,,7114.0,,,,,4339.0,,,,7994.0,,13.0,,,,,,4222.0,,,21107.0,,,,8136.0,
Breweries,,,,,,2765.0,,,494.0,3824.0,,368.0,,,,4738.0,,,12697.0,,,,4085.0,,4451.0,,,,,1340.0,,,,3615.0,,,,,,,,1249.0,,,11528.0,,,,4576.0,
Mexican,,,,,,12891.0,,,3358.0,13621.0,,3019.0,,,,18934.0,,,46955.0,,,,17561.0,,14708.0,,,,,7202.0,,,,13435.0,,,,,,,,8776.0,,,39607.0,,,,14406.0,
Bubble Tea,,,,,,1662.0,,,250.0,2465.0,,401.0,,,,2235.0,,,5906.0,,,,2528.0,,1445.0,,,,,1567.0,,,,1643.0,,,,,,,,382.0,,,5904.0,,,,1081.0,
Ramen,,,,,,1525.0,,,71.0,1326.0,,47.0,,,,1824.0,,,6264.0,,,,1072.0,,2452.0,,,,,429.0,,,,573.0,,,,,,,,1463.0,,,4310.0,,,,2785.0,
Japanese,,,,,,5614.0,,,1330.0,7280.0,,992.0,,,,7035.0,,,25441.0,,,,6168.0,,7005.0,,,,,2530.0,,,,5440.0,,,,,,,,4662.0,,,20153.0,,,,9377.0,
Salad,,,,,,8594.0,,,2549.0,13165.0,,2216.0,,,,12954.0,,,45102.0,,,63.0,10385.0,,8447.0,,,,,4882.0,,,,12493.0,,,,,,,,4883.0,,,33380.0,,,,11070.0,
Halal,,,,,,503.0,,,100.0,889.0,,409.0,,,,1501.0,,,3190.0,,,,1209.0,,1413.0,,,,,271.0,,,,639.0,,,,,,,,237.0,,,2798.0,,,,1294.0,
Middle Eastern,,,,,,1218.0,,,322.0,2337.0,,459.0,,,,2120.0,,,8321.0,,,,1760.0,,2508.0,,,,,795.0,,,,2702.0,,,,,,,,1775.0,,,5261.0,,,,2252.0,
Mediterranean,,,,,,3427.0,,,924.0,4297.0,,1141.0,,,,5032.0,,,16768.0,,,,4117.0,,5395.0,,,,,1523.0,,,,3596.0,,,,,,,,1402.0,,,11838.0,,,,3742.0,
Bagels,,,,,,1704.0,,,521.0,1658.0,,300.0,,,,1844.0,,,7505.0,,,,667.0,,971.0,,,,,1224.0,,,,2016.0,,,,,,,,539.0,,,4191.0,,,,1911.0,
Fish & Chips,,,,,,1485.0,,,,377.0,,144.0,,,,398.0,,,2377.0,,,,576.0,,1271.0,,,,,26.0,,,,314.0,,,,,,,,678.0,,,1350.0,,,,463.0,
Convenience Stores,,,,,,841.0,,,284.0,1130.0,,242.0,,,,1026.0,,,4291.0,,,,1088.0,,1343.0,,,,,625.0,,,,1185.0,,13.0,,,,,,324.0,,,2345.0,,,,1068.0,
Thai,,,,,,2424.0,,,693.0,3425.0,,407.0,,,,4105.0,,,14006.0,,,63.0,2773.0,,2925.0,,,,,1669.0,,,,3568.0,,,,,,,,1946.0,,,9776.0,,,,3275.0,
Noodles,,,,,,1839.0,,,452.0,2105.0,,228.0,,,,1510.0,,,7440.0,,,63.0,1692.0,,2134.0,,,,,848.0,,,,1656.0,,,,,,,,1222.0,,,5963.0,,,,3343.0,
Laotian,,,,,,131.0,,,,371.0,,183.0,,,,627.0,,,1493.0,,,63.0,173.0,,,,,,,190.0,,,,219.0,,,,,,,,132.0,,,251.0,,,,,
Cuban,,,,,,621.0,,,64.0,1305.0,,256.0,,,,514.0,,,4418.0,,,,2211.0,,1157.0,,,,,407.0,,,,2361.0,,,,,,,,485.0,,,2012.0,,,,761.0,
Latin American,,,,,,2115.0,,,787.0,3186.0,,305.0,,,,3799.0,,,9741.0,,,,3990.0,,2536.0,,,,,1743.0,,,,3810.0,,,,,,,,884.0,,,6373.0,,,,3345.0,
Caribbean,,,,,,1734.0,,,787.0,1087.0,,168.0,,,,1361.0,,,8002.0,,,,2361.0,,1553.0,,,,,883.0,,,,1058.0,,,,,,,,554.0,,,2947.0,,,,1140.0,
Delis,,,,,,2544.0,,,742.0,4808.0,,556.0,,4.0,,4015.0,,,14533.0,,,,4304.0,,3165.0,,,,,2212.0,,,,4024.0,,,,,,,,2060.0,,,11845.0,,,,5383.0,
Pasta Shops,,,,,,1233.0,,,175.0,617.0,,277.0,,,,883.0,,,1440.0,,,,523.0,,688.0,,,,,845.0,,,,570.0,,,,,,,,475.0,,,1190.0,,,,313.0,
Sushi Bars,,,,,,5173.0,,,1381.0,7536.0,,1104.0,,,,6531.0,,,25945.0,,,,6873.0,,4501.0,,,,,2427.0,,,,6467.0,,,,,,,,3192.0,,,21568.0,,,,8431.0,
Tapas/Small Plates,,,,,,4208.0,,,622.0,2874.0,,134.0,,,,1898.0,,,10598.0,,,,4103.0,,1459.0,,,,,1926.0,,,,1472.0,,,,,,,,581.0,,,9402.0,,,,2588.0,
Tacos,,,,,,3471.0,,,962.0,2909.0,,488.0,,,,7213.0,,,14925.0,,,,3838.0,,3621.0,,,,,2914.0,,,,2858.0,,,,,,,,2023.0,,,9750.0,,,,3022.0,
Vegetarian,,,,,,2981.0,,,1175.0,5984.0,,606.0,,,,7629.0,,,18609.0,,,,5506.0,,5709.0,,,,,3457.0,,,,5848.0,,,,,,,,3486.0,,,12409.0,,,,6554.0,
Basque,,,,,,173.0,,,,532.0,,,,,,31.0,,,164.0,,,,3.0,,196.0,,,,,,,,,,,,,,,,,256.0,,,447.0,,,,220.0,
French,,,,,,2146.0,,,1231.0,3166.0,,583.0,,,,2940.0,,,10593.0,,,,2351.0,,2094.0,,,,,1141.0,,,,1801.0,,,,,,,,1751.0,,,3884.0,,,,1243.0,
Korean,,,,,,1753.0,,,382.0,2547.0,,191.0,,,,2137.0,,,6836.0,,,,1678.0,,2194.0,,,,,1335.0,,,,954.0,,,,,,,,797.0,,,4453.0,,,,2990.0,
Barbeque,,,,,,4675.0,,,870.0,6354.0,,2858.0,,,,8363.0,,,19917.0,,,,6269.0,,5759.0,,,,,3289.0,,,,7155.0,,,,,,,,4370.0,,,18083.0,,,,6675.0,
Hot Pot,,,,,,507.0,,,101.0,329.0,,293.0,,,,,,,1068.0,,,,452.0,,2016.0,,,,,103.0,,,,499.0,,,,,,,,297.0,,,574.0,,,,482.0,
Asian Fusion,,,,,,4720.0,,,1975.0,6660.0,,1107.0,,,,4144.0,,,26088.0,,,,6053.0,,5701.0,,,,,3716.0,,,,5531.0,,,,,,,,3659.0,,,15553.0,,,,7038.0,
Cheesesteaks,,,,,,907.0,,,380.0,1361.0,,167.0,,,,2272.0,,,5775.0,,,,2035.0,,2211.0,,,,,673.0,,,,2073.0,,,,,,,,487.0,,,5054.0,,,,3131.0,
African,,,,,,630.0,,,20.0,459.0,,123.0,,,,134.0,,,1686.0,,,,174.0,,437.0,,,,,125.0,,,,9.0,,,,,,,,53.0,,,250.0,,,,241.0,
Irish,,,,,,901.0,,,20.0,841.0,,31.0,,,,538.0,,,1520.0,,,,183.0,,495.0,,,,,279.0,,,,268.0,,,,,,,,203.0,,,1573.0,,,,382.0,
Food Delivery Services,,,,,,1551.0,,,770.0,1990.0,,251.0,,,,2641.0,,,5774.0,,,,2508.0,,1531.0,,,,,974.0,,,,1797.0,,,,,,,,721.0,,,6264.0,,,,1876.0,
Chinese,,,,,,5732.0,,,2243.0,7798.0,,1006.0,,,,6238.0,,,23512.0,,,,6626.0,,6688.0,,,,,2565.0,,,,6348.0,,,,,,,,2535.0,,,18098.0,,,,6564.0,
Buffets,,,,,,1246.0,,,279.0,2161.0,,301.0,,,,1402.0,,,4959.0,,,,1592.0,,575.0,,,,,1168.0,,,,1733.0,,,,,,,,489.0,,,3784.0,,,,2598.0,
Vietnamese,,,,,,1436.0,,,515.0,2704.0,,474.0,,,,4066.0,,,10658.0,,,63.0,2784.0,,2248.0,,,,,2411.0,,,,2336.0,,,,,,,,369.0,,,8044.0,,,,3620.0,
Dim Sum,,,,,,1144.0,,,419.0,1191.0,,,,,,693.0,,,1764.0,,,,788.0,,1295.0,,,,,140.0,,,,975.0,,,,,,,,190.0,,,1311.0,,,,398.0,
Food Trucks,,,,,,1046.0,,,356.0,2190.0,,640.0,,,,1698.0,,,6480.0,,,,2526.0,,1840.0,,,,,1043.0,,,,3875.0,,,,,,,,1815.0,,,5731.0,,,,3428.0,
Tex-Mex,,,,,,1970.0,,,527.0,2606.0,,566.0,,,,3803.0,,,10046.0,,,,3735.0,,2625.0,,,,,806.0,,,,2287.0,,,,,,,,1334.0,,,6298.0,,,,1953.0,
Salvadoran,,,,,,124.0,,,,155.0,,5.0,,,,45.0,,,159.0,,,,28.0,,124.0,,,,,9.0,,,,466.0,,,,,,,,175.0,,,485.0,,,,145.0,
Gelato,,,,,,750.0,,,126.0,957.0,,28.0,,,,998.0,,,2536.0,,,,489.0,,678.0,,,,,297.0,,,,648.0,,,,,,,,25.0,,,1440.0,,,,194.0,
Tiki Bars,,,,,,315.0,,,,81.0,,,,,,26.0,,,1954.0,,,,582.0,,186.0,,,,,191.0,,,,534.0,,,,,,,,335.0,,,1014.0,,,,473.0,
Soul Food,,,,,,4375.0,,,314.0,1632.0,,1853.0,,,,1296.0,,,7336.0,,,,1000.0,,2213.0,,,,,255.0,,,,1835.0,,,,,,,,2151.0,,,7720.0,,,,1313.0,
Hawaiian,,,,,,306.0,,,154.0,1359.0,,147.0,,,,597.0,,,2527.0,,,,1169.0,,2830.0,,,,,209.0,,,,1163.0,,,,,,,,395.0,,,2994.0,,,,1777.0,
Hot Dogs,,,,,,1550.0,,,653.0,1201.0,,527.0,,,,2571.0,,,4359.0,,,,1720.0,,1575.0,,,,,667.0,,,,1481.0,,,,,,,,674.0,,,5275.0,,,,1772.0,
Automotive,,,,,,303.0,,,78.0,493.0,,52.0,,,,465.0,,,1766.0,,,,469.0,,265.0,,,,,453.0,,,,655.0,,13.0,,,,,,140.0,,,1012.0,,,,429.0,
Dance Clubs,,,,,,1048.0,,,13.0,670.0,,13.0,,,,354.0,,,1003.0,,,,328.0,,247.0,,,,,100.0,,,,133.0,,,,,,,,57.0,,,494.0,,,,947.0,
Pakistani,,,,,,516.0,,,127.0,568.0,,2.0,,,,842.0,,,2604.0,,,,99.0,,856.0,,,,,465.0,,,,282.0,,,,,,,,115.0,,,1338.0,,,,763.0,
Indian,,,,,,2399.0,,,374.0,3536.0,,402.0,,,,1885.0,,,9321.0,,,,2929.0,,1649.0,,,,,2199.0,,,,1418.0,,,,,,,,1028.0,,,6116.0,,,,3294.0,
Ecuadorian restaurant,,,,,,320.0,,146.0,,,,199.0,,,,,,,,,1023.0,,,,,,19.0,,,332.0,731.0,,,,31.0,,,,,,,,,,,,,,,
Food Stands,,,,,,296.0,,,370.0,751.0,,268.0,,,,886.0,,,3270.0,,,,501.0,,491.0,,,,,367.0,,,,550.0,,,,,,,,792.0,,,900.0,,,,424.0,
Wraps,,,,,,391.0,,,87.0,756.0,,32.0,,,,765.0,,,3317.0,,,,969.0,,354.0,,,,,315.0,,,,789.0,,,,,,,,582.0,,,2493.0,,,,506.0,
Ethnic Food,,,,,,674.0,,,243.0,789.0,,1993.0,,,,870.0,,,6926.0,,,,1732.0,,1003.0,,,,,134.0,,,,1264.0,,,,,,,,2370.0,,,4163.0,,,,1290.0,
Meat Shops,,,,,,745.0,,,150.0,631.0,,62.0,,,,597.0,,,3339.0,,,,2307.0,,380.0,,,,,230.0,,,,770.0,,,,,,,,723.0,,,2032.0,,,,555.0,
Polish,,,,,,74.0,,,,26.0,,,,,,151.0,,,657.0,,,,9.0,,19.0,,,,,31.0,,,,139.0,,,,,,,,116.0,,,53.0,,,,,
Modern European,,,,,,200.0,,,181.0,492.0,,47.0,,,,1076.0,,,2120.0,,,,652.0,,390.0,,,,,171.0,,,,888.0,,,,,,,,251.0,,,1934.0,,,,378.0,
Live/Raw Food,,,,,,256.0,,,,327.0,,86.0,,,,1523.0,,,1595.0,,,,842.0,,799.0,,,,,62.0,,,,112.0,,,,,,,,101.0,,,1386.0,,,,3722.0,
Mobile Phones,,,,,,156.0,,,,164.0,,15.0,,,,205.0,,,517.0,,,,113.0,,106.0,,,,,59.0,,,,68.0,,,,,,,,42.0,,,549.0,,,,109.0,
Farmers Market,,,,,,670.0,,,57.0,1497.0,,38.0,,,,982.0,,,3659.0,,,,603.0,,480.0,,,,,532.0,,,,642.0,,,,,,,,526.0,,,1795.0,,,,513.0,
Turkish,,,,,,237.0,,,72.0,141.0,,119.0,,,,613.0,,,695.0,,,,393.0,,437.0,,,,,,,,,346.0,,,,,,,,,,,1417.0,,,,83.0,
Polish restaurant,,,,,,163.0,,,,125.0,,294.0,,,30.0,,,,62.0,,,,,,,,,,,,67.0,,,,,112.0,,,,,,,,,,,,,,
Poke,,,,,,651.0,,,306.0,1193.0,,275.0,,,,932.0,,,4363.0,,,,1561.0,,628.0,,,,,529.0,,,,1084.0,,,,,,,,525.0,,,2667.0,,,,1196.0,
Fruits & Veggies,,,,,,544.0,,,204.0,1171.0,,72.0,,,,630.0,,,3776.0,,,,753.0,,257.0,,,,,272.0,,,,711.0,,,,,,,,198.0,,,2055.0,,,,455.0,
Brewpubs,,,,,,764.0,,,287.0,689.0,,15.0,,,,1716.0,,,2487.0,,,,896.0,,957.0,,,,,333.0,,,,1457.0,,,,,,,,580.0,,,4002.0,,,,695.0,
Pretzels,,,,,,126.0,,,23.0,125.0,,14.0,,,,72.0,,,525.0,,,,237.0,,266.0,,,,,27.0,,,,80.0,,,,,,,,28.0,,,296.0,,,,629.0,
Waffles,,,,,,127.0,,,426.0,1179.0,,88.0,,,,327.0,,,900.0,,,,812.0,,439.0,,,,,34.0,,,,623.0,,,,,,,,56.0,,,2504.0,,,,582.0,
Pan Asian,,,,,,148.0,,,7.0,384.0,,42.0,,,,64.0,,,2332.0,,,,541.0,,619.0,,,,,509.0,,,,575.0,,,,,,,,71.0,,,1436.0,,,,307.0,
Kebab,,,,,,191.0,,,,394.0,,,,,,249.0,,,1421.0,,,,416.0,,497.0,,,,,96.0,,,,256.0,,,,,,,,28.0,,,1172.0,,,,64.0,
Syrian restaurant,,,,,,56.0,,,,,,,,,,25.0,,,41.0,,,,,,,,13.0,18.0,,19.0,,,,,,,,,,,,,,,,,,,,
Guatemalan restaurant,,,,,,265.0,,19.0,,,,,,,55.0,,,,63.0,,,,,,,,245.0,,,134.0,69.0,,32.0,47.0,58.0,15.0,,,,,,,,46.0,,,,,,
International Grocery,,,,,,192.0,,,56.0,445.0,,39.0,,,,279.0,,,930.0,,,,510.0,,185.0,,,,,195.0,,,,262.0,,,,,,,,41.0,,,870.0,,,,299.0,
Macarons,,,,,,94.0,,,,11.0,,77.0,,,,218.0,,,790.0,,,,,,234.0,,,,,428.0,,,,186.0,,,,,,,,147.0,,,751.0,,,,74.0,
Szechuan,,,,,,46.0,,,535.0,1011.0,,22.0,,,,236.0,,,1448.0,,,,613.0,,224.0,,,,,378.0,,,,370.0,,,,,,,,67.0,,,2977.0,,,,785.0,
Neapolitan restaurant,,,,,,77.0,55.0,,,,,,,,,,,,22.0,,,,1.0,,15.0,34.0,32.0,,,65.0,12.0,,,,,,,,,,,13.0,,,,,,,,
Costa Rican restaurant,,,,,,196.0,,,,,,,,,,,,,,,,,,,,,,,,,,,,,,,,,,,51.0,,,,,,,,,
Kombucha,,,,,,161.0,,,,81.0,,,,,,,,,840.0,,,,158.0,,40.0,,,,,69.0,,,,56.0,,,,,,,,87.0,,,19.0,,,,42.0,
Argentine,,,,,,97.0,,,142.0,144.0,,,,,,77.0,,,507.0,,,,669.0,,,,,,,160.0,,,,175.0,,,,,,,,157.0,,,,,,,,
German,,,,,,69.0,,,552.0,860.0,,179.0,,,,679.0,,,2282.0,,,,355.0,,395.0,,,,,26.0,,,,570.0,,,,,,,,259.0,,,1580.0,,,,691.0,
Fondue restaurant,,,,,,25.0,,,,,,,,,,,,,,,,46.0,,,,,,,,,15.0,,,,,,,,,,,,,,,,,,,34.0
Falafel,,,,,,73.0,,,149.0,530.0,,10.0,,,,85.0,,,1154.0,,,,409.0,,278.0,,,,,440.0,,,,205.0,,,,,,,,28.0,,,1299.0,,,,191.0,
Katsudon restaurant,,,,,,24.0,,,,,,,,,,,,,,,,,,,,,,,,,90.0,,,,,,,,,,,,,,,,,,,
Cambodian,,,,,,11.0,,,,130.0,,,,,,,,,219.0,,,,24.0,,,,,,,16.0,,,,,,,,,,,,412.0,,,35.0,,,,8.0,
Madrilian restaurant,,,,,,8.0,,,,,,,,,,,,,,,,,,,,,,,,,,,,,,,,,,,,,,,,,,,,
Austrian restaurant,,,,,,,,23.0,,,,,,,,,,,39.0,,,,,,,,,,,1.0,82.0,,,,,,,,,,,,,,,,,,,
Shanghainese restaurant,,,,,,,,74.0,,,,,,,,,,,78.0,,,,,,,15.0,29.0,,,213.0,332.0,,,,,,,,,,,,,,,,,,124.0,
Porridge restaurant,,,,,,,,129.0,,,,,,,,,,,,,,,,,,,188.0,,,,267.0,,55.0,,,,,,,,,,,,,,,,,
Malaysian,,,,,,,,,167.0,,,,,,,41.0,,,1014.0,,,,212.0,,,,,,,16.0,,,,104.0,,,,,,,,712.0,,,165.0,,,,104.0,
Themed Cafes,,,,,,,,,8.0,20.0,,,,,,8.0,,,361.0,,,,100.0,,57.0,,,,,9.0,,,,216.0,,,,,,,,139.0,,,147.0,,,,147.0,
Mongolian,,,,,,,,,2.0,96.0,,198.0,,,,31.0,,,136.0,,,,111.0,,1355.0,,,,,4.0,,,,18.0,,,,,,,,21.0,,,191.0,,,,201.0,
Croatian restaurant,,,,,,,,,,280.0,,,,,,,,,,,,,,,,,,,,,31.0,,,,,,,,,,,,,,,,,,,
Armenian,,,,,,,,,,7.0,,6.0,,,,,,,289.0,,,,488.0,,221.0,,,,,,,,,16.0,,,,,,,,86.0,,,,,,,,
Cannabis Clinics,,,,,,,,,,19.0,,,,,,8.0,,,33.0,,,,,,562.0,,,,,,,,,,,,,,,,,,,,166.0,,,,,
Pacific Rim restaurant,,,,,,,,,,,33.0,,,,,83.0,,,31.0,,,,,,28.0,,,,,,,,,,,,,,,,,,,,,,,,,
Moroccan restaurant,,,,,,,,,,,21.0,55.0,,,,,,,72.0,,,,,,,1.0,14.0,,,69.0,25.0,,,,,,,,,19.0,,,,,,,,,,
Czech restaurant,,,,,,,,,,,,40.0,,,,,,,,,,,,,,,,,,16.0,,,,,,,,,,,,,,,,,,,,
Israeli restaurant,,,,,,,,,,,,100.0,,,34.0,,,,,,,,,,,,,,,,174.0,,,,,,,,,,,,,,41.0,,,,71.0,
Haute French restaurant,,,,,,,,,,,,3.0,,,,,,,,,,,,,,,,,,13.0,,,,,,,,,,67.0,,,,,,,,,,
Sicilian restaurant,,,,,,,,,,,,,99.0,,131.0,,,,58.0,,,,,,,,,,,69.0,40.0,,31.0,1.0,,,,,,,,,,,,,,,,
Cambodian restaurant,,,,,,,,,,,,,,20.0,56.0,,,,14.0,,,,,,,,149.0,,,23.0,69.0,,,,,,,,,,,,,,,,,,,
Sri Lankan restaurant,,,,,,,,,,,,,,,25.0,,,,,,,,,,,,,,,,5.0,,,,,,,,,,,,,,,,,,,
Japanese regional restaurant,,,,,,,,,,,,,,,14.0,,,,,,,,,,5.0,418.0,14.0,,,,10.0,,,,,,,,,,,,,,,,,,,
Shawarma restaurant,,,,,,,,,,,,,,,,,,,14.0,,,,,,,,18.0,,,,27.0,,,,,,,,,,,,,,,,,,,
Kaiseki restaurant,,,,,,,,,,,,,,,,,,,,,34.0,,,,,,,,,,11.0,,,,,,,,,,,,,,,,,,,
Uruguayan restaurant,,,,,,,,,,,,,,,,,,,,,,,34.0,,,,,,,,,,,,,,,,,,,,,,40.0,,,,,
Chilean restaurant,,,,,,,,,,,,,,,,,,,,,,,,,15.0,,,,,,,,,,,,,1.0,,,,,,,34.0,,,,,
Sukiyaki restaurant,,,,,,,,,,,,,,,,,,,,,,,,,,22.0,,,,,,,,,,,,,,,,,,,,,,,,
Brazilian pastelaria,,,,,,,,,,,,,,,,,,,,,,,,,,,112.0,,,,,,,,,,,,,,,,,,,,,,,
Pueblan restaurant,,,,,,,,,,,,,,,,,,,,,,,,,,,,,183.0,,,,,,,,,,,,,,,,,,,,,
Yucatan restaurant,,,,,,,,,,,,,,,,,,,,,,,,,,,,,,17.0,49.0,,,,,,,,,,,,,,,,,,,
Swiss restaurant,,,,,,,,,,,,,,,,,,,,,,,,,,,,,,1.0,,,,,,,,,,,,,,,,,,,,
Roman restaurant,,,,,,,,,,,,,,,,,,,,,,,,,,,,,,,63.0,,,,,,,,,,,,,,,,,,,
Yemenite restaurant,,,,,,,,,,,,,,,,,,,,,,,,,,,,,,,77.0,,,,,56.0,,,,,,,,,,,,,,
Provence restaurant,,,,,,,,,,,,,,,,,,,,,,,,,,,,,,,22.0,,,,,,,,,,,,,,,,,,,
Tempura donburi restaurant,,,,,,,,,,,,,,,,,,,,,,,,,,,,,,,20.0,,,,,,,,,,,,,,,,,,,
Nicaraguan restaurant,,,,,,,,,,,,,,,,,,,,,,,,,,,,,,,47.0,,,171.0,,,,,,,,,,,10.0,,,,,
Paraguayan restaurant,,,,,,,,,,,,,,,,,,,,,,,,,,,,,,,13.0,,,,,,,,,,,,,,,,,,,
Israeli,,,,,,,,,,,,,,,,,,,,,,,,,,,,,,,,,,,,,,,,,,1239.0,,,,,,,,
Cucina campana,,,,,,,,,,,,,,,,,,,,,,,,,,,,,,,,,,,,,,,,,,126.0,,,,,,,,
Supper Clubs,,,,,,,,,,,,,,,,,,,,,,,,,,,,,,,,,,,,,,,,,,48.0,,,,,,,18.0,
Icelandic restaurant,,,,,,,,,,,,,,,,,,,,,,,,,,,,,,,,,,,,,,,,,,,,,16.0,,,,,
